loc_rowid,pl_name,hostname,default_flag,sy_snum,sy_pnum,sy_mnum,discoverymethod,pl_orbper,pl_orbsmax,pl_radj,pl_bmassj,pl_orbeccen,pl_orbincl,st_spectype,st_teff,st_rad,st_mass,st_met,st_metratio,st_lum,st_age,sy_dist,pl_bmass (Msun)
34,24 Sex b,24 Sex,1,1,2,0,Radial Velocity,452.8,1.333,,1.99,0.09,,,5098.0,4.9,1.54,-0.03,[Fe/H],1.164,2.7,72.0691,0.001899654
59,47 UMa b,47 UMa,1,1,3,0,Radial Velocity,1078.0,2.1,,2.53,0.032,,,5872.0,1.21,1.06,0.04,[M/H],0.198,,13.7967,0.002415138
63,47 UMa c,47 UMa,1,1,3,0,Radial Velocity,2391.0,3.6,,0.54,0.098,,,5872.0,1.21,1.06,0.04,[M/H],0.198,,13.7967,0.0005154840000000001
66,47 UMa d,47 UMa,1,1,3,0,Radial Velocity,14002.0,11.6,,1.64,0.16,,,5872.0,1.21,1.06,0.04,[M/H],0.198,,13.7967,0.0015655439999999999
142,7 CMa b,7 CMa,1,1,2,0,Radial Velocity,735.1,1.758,,1.85,0.06,90.0,,4826.0,4.87,1.34,0.21,[Fe/H],1.063,4.3,19.8101,0.0017660100000000001
144,7 CMa c,7 CMa,1,1,2,0,Radial Velocity,996.0,2.153,,0.87,0.08,90.0,,4826.0,4.87,1.34,0.21,[Fe/H],1.063,4.3,19.8101,0.000830502
190,BD+20 2457 c,BD+20 2457,1,1,2,0,Radial Velocity,621.99,2.01,,12.47,0.18,,K2 II,4137.0,49.0,2.8,-1.0,[Fe/H],3.17,,1539.71,0.011903862000000001
207,BD-08 2823 c,BD-08 2823,1,1,2,0,Radial Velocity,237.6,0.68,,0.33,0.19,,K3 V,4746.0,,0.74,-0.07,[Fe/H],,4.5,41.3342,0.000315018
213,BD-11 4672 b,BD-11 4672,1,1,2,0,Radial Velocity,1634.0,2.36,,0.65,0.05,,,4550.0,0.64,0.65,-0.35,[Fe/H],-0.804,7.4,27.1665,0.00062049
223,BD-210397 b,BD-210397,1,1,2,0,Radial Velocity,1891.0,2.63,,0.7,0.1,,K7 V,4051.0,0.75,0.68,0.12,[Fe/H],-0.87,6.2,23.7324,0.00066822
574,GJ 2030 c,GJ 2030,1,1,2,0,Radial Velocity,25533.11353,16.761,,12.803,0.041,16.999,,,,0.96,,,,,37.0788,0.0122217438
597,GJ 317 b,GJ 317,1,1,2,0,Radial Velocity,695.66,1.151,,1.75282,0.07,,,,,0.42,,,,,15.1968,0.001673241972
600,GJ 317 c,GJ 317,1,1,2,0,Radial Velocity,6739.323,5.23,,1.64396,0.17,,,,,0.42,,,,,15.1968,0.001569324216
603,GJ 328 b,GJ 328,1,1,2,0,Radial Velocity,3771.0,4.11,,2.51,0.227,,M0.0,3897.0,0.63,0.65,-0.06,[Fe/H],-1.08,,20.5266,0.0023960459999999998
773,GJ 849 b,GJ 849,1,1,2,0,Radial Velocity,1925.31,2.32,,0.893,0.029,,M3.5,3467.0,0.45,0.45,0.09,[Fe/H],-1.59,,8.80058,0.0008524578
781,GJ 849 c,GJ 849,1,1,2,0,Radial Velocity,5990.0,4.95,,0.99,0.092,,M3.5,3467.0,0.45,0.45,0.09,[Fe/H],-1.59,,8.80058,0.000945054
794,GJ 876 b,GJ 876,1,1,4,0,Radial Velocity,61.1166,0.208317,,2.2756,0.0324,59.0,,,0.3,0.32,,,-1.907,1.0,4.67517,0.0021722877599999997
924,HAT-P-13 b,HAT-P-13,1,1,2,0,Transit,2.91625,,1.272,0.851,0.0133,83.4,,,,,,,,,246.81,0.0008123646
1257,HAT-P-44 b,HAT-P-44,1,1,2,0,Transit,4.301219,0.0507,1.242,0.352,0.044,89.1,,5295.0,0.95,0.94,0.33,[Fe/H],-0.194,7.5,347.85,0.00033601919999999997
1683,HATS-59 b,HATS-59,1,1,2,0,Transit,5.416081,0.06112,1.126,0.806,0.129,88.1,,5670.0,1.04,1.04,0.18,[Fe/H],-0.004,4.3,642.884,0.0007694076
1685,HATS-59 c,HATS-59,1,1,2,0,Radial Velocity,1422.0,2.504,,12.7,0.083,,,5670.0,1.04,1.04,0.18,[Fe/H],-0.004,4.3,642.884,0.01212342
1794,HD 102329 b,HD 102329,1,1,2,0,Radial Velocity,778.09998,1.81,,8.16,0.21,,,4745.0,9.82,3.21,0.05,[Fe/H],,,217.107,0.0077895360000000005
1795,HD 102329 c,HD 102329,1,1,2,0,Radial Velocity,1123.0,,,1.52,0.209,,,,,1.3,,,,,217.107,0.0014509920000000001
1891,HD 108874 b,HD 108874,1,1,2,0,Radial Velocity,394.48123,1.04,,1.42,0.13,,,5600.0,1.05,1.1,0.26,[Fe/H],,,59.5175,0.001355532
1899,HD 108874 c,HD 108874,1,1,2,0,Radial Velocity,1624.0,2.659,,0.99,0.239,,G5,5551.0,,0.95,0.19,[Fe/H],,,59.5175,0.000945054
1937,HD 111232 b,HD 111232,1,1,2,0,Radial Velocity,1169.13202,2.148,,7.965,0.214,93.521,,,,0.96,,,,,28.9571,0.0076033889999999995
1952,HD 113538 b,HD 113538,1,1,2,0,Radial Velocity,663.2,1.24,,0.36,0.14,,K9 V,4462.0,0.53,0.58,-0.24,[Fe/H],,4.3,16.2817,0.00034365599999999996
1953,HD 113538 c,HD 113538,1,1,2,0,Radial Velocity,1818.0,2.44,,0.93,0.2,,K9 V,4462.0,0.53,0.58,-0.24,[Fe/H],,4.3,16.2817,0.0008877780000000001
1967,HD 114783 b,HD 114783,1,1,2,0,Radial Velocity,493.7,1.16,,1.1,0.144,,K0,5135.0,,0.85,0.21,[Fe/H],,,21.0628,0.00105006
1968,HD 114783 c,HD 114783,1,1,2,0,Radial Velocity,4352.0,5.0,,1.9,0.05,159.0,K1 V,,,0.9,,,,6.0,21.0628,0.0018137399999999999
1978,HD 11506 c,HD 11506,1,1,3,0,Radial Velocity,223.95986,0.75,,0.369,0.233,,,,,1.12,,,,,51.261,0.0003522474
1982,HD 11506 d,HD 11506,1,1,3,0,Radial Velocity,14723.57452,12.235,,7.383,0.061,82.004,,,,1.12,,,,,51.261,0.0070478118
1984,HD 115404 A c,HD 115404 A,1,1,2,0,Radial Velocity,15319.22517,11.364,,10.319,0.211,25.791,,,,0.83,,,,,10.9816,0.009850517400000001
2027,HD 12235 c,HD 12235,1,1,2,0,Radial Velocity,36336.70679,22.21,,9.866,0.174,47.738,,,,1.1,,,,,31.7627,0.0094180836
2060,HD 12661 c,HD 12661,1,1,2,0,Radial Velocity,1708.0,2.8145,,1.812,0.031,,,5748.0,1.11,1.02,0.36,[Fe/H],0.063,6.39,37.8478,0.0017297352
2073,HD 128311 c,HD 128311,1,1,2,0,Radial Velocity,921.538,1.74,,3.789,0.159,55.95,,,0.76,0.83,,,,0.96,16.3292,0.0036169794000000003
2109,HD 134987 b,HD 134987,1,1,2,0,Radial Velocity,258.17999,0.81,,1.61,0.23,,,5736.0,1.22,1.1,0.28,[Fe/H],,,26.1804,0.001536906
2112,HD 134987 c,HD 134987,1,1,2,0,Radial Velocity,5000.0,5.8,,0.82,0.12,,G5 V,5585.0,1.25,1.1,0.28,[Fe/H],0.255,8.4,26.1804,0.0007827719999999999
2143,HD 13908 b,HD 13908,1,1,2,0,Radial Velocity,19.382,0.154,,0.865,0.02,,F8 V,6255.0,1.67,1.29,0.01,[Fe/H],0.602,2.9,79.5515,0.000825729
2144,HD 13908 c,HD 13908,1,1,2,0,Radial Velocity,931.0,2.03,,5.13,0.12,,F8 V,6255.0,1.67,1.29,0.01,[Fe/H],0.602,2.9,79.5515,0.004897098
2166,HD 141399 b,HD 141399,1,1,4,0,Radial Velocity,94.44,0.415,,0.451,0.04,,K0,5600.0,,1.07,0.35,[Fe/H],,,37.0169,0.0004305246
2171,HD 141399 c,HD 141399,1,1,4,0,Radial Velocity,201.99,0.689,,1.33,0.048,,K0,5600.0,,1.07,0.35,[Fe/H],,,37.0169,0.0012696180000000001
2172,HD 141399 d,HD 141399,1,1,4,0,Radial Velocity,1069.8,2.09,,1.18,0.074,,K0,5600.0,,1.07,0.35,[Fe/H],,,37.0169,0.0011264279999999998
2222,HD 147018 c,HD 147018,1,1,2,0,Radial Velocity,1008.0,1.922,,6.56,0.133,,G9 V,5441.0,,0.93,0.1,[Fe/H],,6.36,40.4256,0.0062621759999999995
2233,HD 148164 c,HD 148164,1,1,2,0,Radial Velocity,5062.0,6.15,,5.16,0.125,,F8,6032.0,1.34,1.21,0.24,[Fe/H],0.33,2.41,77.1971,0.004925736
2259,HD 151450 c,HD 151450,1,1,2,0,Radial Velocity,18144.76236,14.131,,5.148,0.138,42.369,,,,1.14,,,,,43.6002,0.0049142807999999994
2295,HD 154857 c,HD 154857,1,1,2,0,Radial Velocity,3452.0,5.36,,2.58,0.06,,G5 V,5605.0,1.76,1.72,-0.2,[Fe/H],,,63.4482,0.002462868
2297,HD 155358 b,HD 155358,1,1,2,0,Radial Velocity,194.3,0.63,,0.99,0.17,,,5905.0,1.38,1.15,-0.6,[Fe/H],,,43.6197,0.000945054
2299,HD 155358 c,HD 155358,1,1,2,0,Radial Velocity,391.9,1.02,,0.82,0.16,,G0,5900.0,,0.92,-0.51,[Fe/H],,10.7,43.6197,0.0007827719999999999
2301,HD 155918 c,HD 155918,1,1,2,0,Radial Velocity,17202.19446,13.183,,5.909,0.071,31.771,,,,1.03,,,,,27.561,0.0056407314
2331,HD 159243 b,HD 159243,1,1,2,0,Radial Velocity,12.62,0.11,,1.13,0.02,,G0 V,6123.0,1.12,1.12,0.05,[Fe/H],0.114,1.25,73.3055,0.001078698
2332,HD 159243 c,HD 159243,1,1,2,0,Radial Velocity,248.4,0.8,,1.9,0.075,,G0 V,6123.0,1.12,1.12,0.05,[Fe/H],0.114,1.25,73.3055,0.0018137399999999999
2334,HD 159868 b,HD 159868,1,1,2,0,Radial Velocity,1184.1,2.32,,2.218,0.024,,,5534.0,2.13,1.19,,,,,55.8503,0.0021173028
2338,HD 159868 c,HD 159868,1,1,2,0,Radial Velocity,351.0,1.032,,0.768,0.184,,,5534.0,2.13,1.19,,,,,55.8503,0.0007331328
2341,HD 1605 b,HD 1605,1,1,2,0,Radial Velocity,577.2,1.492,,0.934,0.095,,K1 IV,4915.0,3.49,1.33,0.22,[Fe/H],0.81,4.36,88.8047,0.0008915964000000001
2343,HD 1605 c,HD 1605,1,1,2,0,Radial Velocity,2149.0,3.584,,3.62,0.099,,K1 IV,4915.0,3.49,1.33,0.22,[Fe/H],0.81,4.36,88.8047,0.003455652
2375,HD 163607 c,HD 163607,1,1,2,0,Radial Velocity,1272.0,2.39,,2.201,0.08,,,5522.0,1.76,1.12,,,,,67.7855,0.0021010746
2384,HD 164922 b,HD 164922,1,1,4,0,Radial Velocity,1207.0,2.16,,0.36497,0.08,,,5390.0,0.95,0.93,0.18,[Fe/H],-0.149,9.58,22.0016,0.00034840036200000003
2439,HD 169830 c,HD 169830,1,1,2,0,Radial Velocity,1818.82339,3.075,,7.669,0.246,24.469,,,,1.17,,,,,37.6048,0.0073208273999999995
2519,HD 18143 c,HD 18143,1,1,2,0,Radial Velocity,28982.41764,17.53,,9.998,0.194,35.98,,,,0.85,,,,,22.5243,0.0095440908
2543,HD 183263 c,HD 183263,1,1,2,0,Radial Velocity,4667.97841,5.585,,9.31,0.051,73.718,,,,1.06,,,,,54.1955,0.008887326000000001
2548,HD 184010 b,HD 184010,1,1,3,0,Radial Velocity,286.6,0.94,,0.31,0.0,,K0 III-IV,4971.0,4.86,1.35,-0.17,[Fe/H],1.117,2.76,60.7993,0.000295926
2549,HD 184010 c,HD 184010,1,1,3,0,Radial Velocity,484.3,1.334,,0.3,0.0,,K0 III-IV,4971.0,4.86,1.35,-0.17,[Fe/H],1.117,2.76,60.7993,0.00028638
2550,HD 184010 d,HD 184010,1,1,3,0,Radial Velocity,836.4,1.92,,0.45,0.0,,K0 III-IV,4971.0,4.86,1.35,-0.17,[Fe/H],1.117,2.76,60.7993,0.00042957
2566,HD 187123 b,HD 187123,1,1,2,0,Radial Velocity,3.0965828,0.0426,,0.523,0.0103,,,5790.0,1.15,1.04,0.09,[M/H],0.127,,45.9548,0.0004992558
2643,HD 191939 e,HD 191939,1,1,6,0,Radial Velocity,101.12,0.407,,0.35302,0.031,,G9 V,5348.0,0.94,0.81,-0.15,[Fe/H],-0.187,8.7,53.6089,0.000336992892
2692,HD 200964 b,HD 200964,1,1,2,0,Radial Velocity,606.3,1.565,,1.599,0.087,,,4982.0,4.92,1.39,,,,,72.5922,0.0015264054
2694,HD 200964 c,HD 200964,1,1,2,0,Radial Velocity,852.5,1.96,,1.214,0.243,,,4982.0,4.92,1.39,,,,,72.5922,0.0011588844
2699,HD 202696 b,HD 202696,1,1,2,0,Radial Velocity,517.8,1.566,,1.996,0.011,90.0,K0 III-IV,5040.0,6.43,1.91,0.02,[Fe/H],1.369,1.32,188.546,0.0019053816
2700,HD 202696 c,HD 202696,1,1,2,0,Radial Velocity,946.6,2.342,,1.864,0.028,90.0,K0 III-IV,5040.0,6.43,1.91,0.02,[Fe/H],1.369,1.32,188.546,0.0017793744000000002
2709,HD 203387 c,HD 203387,1,1,2,0,Radial Velocity,2481.07227,5.067,,7.485,0.202,158.462,,,,2.82,,,,,61.7477,0.0071451810000000004
2716,HD 204313 b,HD 204313,1,1,3,0,Radial Velocity,2041.11539,3.185,,4.615,0.1,72.917,,,,1.03,,,,,47.7945,0.004405479
2845,HD 217107 b,HD 217107,1,1,2,0,Radial Velocity,7.12682,0.08,,1.3,0.13,,,5622.0,1.11,1.0,0.36,[Fe/H],,,20.0619,0.00124098
2892,HD 219134 h,HD 219134,1,1,6,0,Radial Velocity,2247.0,3.11,,0.34,0.06,,K3 V,4913.0,0.77,0.79,0.08,[Fe/H],-0.509,12.46,6.53127,0.000324564
2987,HD 24040 b,HD 24040,1,1,2,0,Radial Velocity,3668.0,4.92,,3.86,0.04,,,5802.0,1.3,1.11,0.19,[Fe/H],,,46.6224,0.003684756
3025,HD 27894 b,HD 27894,1,1,3,0,Radial Velocity,18.01939,0.125,,0.619,0.047,,,,,0.81,,,,,43.8214,0.0005908974
3041,HD 28185 b,HD 28185,1,1,2,0,Radial Velocity,385.52775,1.035,,5.837,0.055,,,,,0.99,,,,,39.3809,0.0055720002
3069,HD 30177 b,HD 30177,1,1,2,0,Radial Velocity,2514.53422,3.604,,8.403,0.207,85.393,,,,0.98,,,,,55.5867,0.008021503800000001
3075,HD 30177 c,HD 30177,1,1,2,0,Radial Velocity,12085.45186,10.258,,6.15,0.039,98.016,,,,0.98,,,,,55.5867,0.005870790000000001
3126,HD 33142 b,HD 33142,1,1,3,0,Radial Velocity,330.0,1.074,,1.26,0.049,,K0 III,5025.4,4.17,1.52,0.06,[Fe/H],1.0,2.72,121.375,0.0012027960000000001
3128,HD 33142 c,HD 33142,1,1,3,0,Radial Velocity,810.2,1.955,,0.89,0.081,,K0 III,5025.4,4.17,1.52,0.06,[Fe/H],1.0,2.72,121.375,0.0008495940000000001
3142,HD 33844 b,HD 33844,1,1,2,0,Radial Velocity,551.40002,1.6,,2.01,0.15,,,4861.0,5.39,1.84,0.27,[Fe/H],,,105.779,0.0019187459999999998
3144,HD 33844 c,HD 33844,1,1,2,0,Radial Velocity,916.0,2.24,,1.75,0.13,,K0 III,4861.0,5.29,1.78,0.27,[Fe/H],1.149,1.88,105.779,0.00167055
3153,HD 34445 g,HD 34445,1,1,6,0,Radial Velocity,5700.0,6.36,,0.38,0.032,,G0 V,5836.0,1.38,1.07,0.14,[Fe/H],0.303,8.5,46.0907,0.00036274800000000003
3164,HD 37124 b,HD 37124,1,1,3,0,Radial Velocity,154.378,0.53364,,0.675,0.054,,G4 V,,,0.85,-0.44,[Fe/H],,,31.6634,0.000644355
3171,HD 37124 c,HD 37124,1,1,3,0,Radial Velocity,885.5,1.71,,0.652,0.125,,G4 V,,,0.85,-0.44,[Fe/H],,,31.6634,0.0006223992
3174,HD 37124 d,HD 37124,1,1,3,0,Radial Velocity,1862.0,2.807,,0.696,0.16,,G4 V,,,0.85,-0.44,[Fe/H],,,31.6634,0.0006644016
3183,HD 37605 c,HD 37605,1,1,2,0,Radial Velocity,2720.0,3.74,,3.19,0.03,,K0,5329.0,0.91,0.94,0.27,[Fe/H],-0.22,5.65,46.7864,0.003045174
3250,HD 4203 c,HD 4203,1,1,2,0,Radial Velocity,6700.0,6.95,,2.17,0.24,,,5582.0,1.5,0.99,0.34,[M/H],0.293,,81.3795,0.002071482
3271,HD 43197 c,HD 43197,1,1,2,0,Radial Velocity,9295.9735,8.54,,7.868,0.149,11.42,,,,0.96,,,,,62.4112,0.0075107928
3286,HD 45364 c,HD 45364,1,1,2,0,Radial Velocity,345.43,0.902,,0.549,0.019,,K0 V,5466.0,0.89,0.82,,,-0.196,,34.354,0.0005240754000000001
3297,HD 47186 c,HD 47186,1,1,2,0,Radial Velocity,1353.6,2.395,,0.35061,0.249,,,,,,,,,,37.4574,0.00033469230599999996
3303,HD 47366 b,HD 47366,1,1,2,0,Radial Velocity,360.08,1.207,,2.082,0.071,,K1 III,4866.0,7.3,1.81,-0.02,[Fe/H],1.417,1.61,84.3552,0.0019874771999999997
3306,HD 47366 c,HD 47366,1,1,2,0,Radial Velocity,677.53,1.84,,1.522,0.161,,K1 III,4866.0,7.3,1.81,-0.02,[Fe/H],1.417,1.61,84.3552,0.0014529012
3328,HD 50499 c,HD 50499,1,1,2,0,Radial Velocity,8619.9,9.02,,2.93,0.0,,G1 V,6099.0,1.42,1.31,0.38,[Fe/H],,2.4,46.2845,0.0027969780000000003
3349,HD 5319 b,HD 5319,1,1,2,0,Radial Velocity,637.1,1.57,,1.556,0.092,,,4871.0,4.06,1.27,,,,,121.405,0.0014853576
3353,HD 5319 c,HD 5319,1,1,2,0,Radial Velocity,872.2,1.93,,1.053,0.183,,,4871.0,4.06,1.27,,,,,121.405,0.0010051938
3374,HD 60532 c,HD 60532,1,1,2,0,Radial Velocity,600.1,1.6,,2.51,0.03,,,6245.0,2.57,1.5,-0.26,[Fe/H],,2.8,25.9716,0.0023960459999999998
3433,HD 66428 c,HD 66428,1,1,2,0,Radial Velocity,10478.84437,9.408,,1.764,0.207,93.938,,,,1.01,,,,,53.2817,0.0016839144
3435,HD 67087 b,HD 67087,1,1,2,0,Radial Velocity,352.2,1.08,,3.06,0.17,,F8 V,6330.0,1.55,1.36,0.25,[Fe/H],0.54,1.45,76.5217,0.002921076
3444,HD 68988 b,HD 68988,1,1,2,0,Radial Velocity,6.27711,0.07,,1.97,0.12,,,5932.0,1.19,1.28,0.35,[Fe/H],,,60.8447,0.001880562
3481,HD 73267 c,HD 73267,1,1,2,0,Radial Velocity,17071.78045,12.688,,5.131,0.089,91.849,,,,0.93,,,,,50.4093,0.0048980526
3485,HD 73526 b,HD 73526,1,1,2,0,Radial Velocity,188.3,0.65,,3.08,0.19,,,5601.0,1.53,1.14,0.22,[Fe/H],,,97.2396,0.002940168
3521,HD 74698 c,HD 74698,1,1,2,0,Radial Velocity,3449.0,4.5,,0.4,0.2,,G5 V,5783.0,1.33,1.04,0.07,[Fe/H],0.253,7.847,52.0648,0.00038184000000000004
3527,HD 75784 b,HD 75784,1,1,2,0,Radial Velocity,341.2,1.032,,1.0,0.097,,,4867.0,3.4,1.26,,,,,85.4321,0.0009546
3589,HD 82943 b,HD 82943,1,1,2,0,Radial Velocity,441.47,1.18306,,1.681,0.162,90.0,,5935.0,1.18,1.08,0.26,[M/H],0.194,,27.5902,0.0016046826
3606,HD 83443 b,HD 83443,1,1,2,0,Radial Velocity,2.985628,0.0406,,0.402,0.012,,K0 V,5442.0,0.94,1.0,0.34,[Fe/H],-0.104,2.64,40.8991,0.00038374920000000003
3620,HD 86226 b,HD 86226,1,1,2,0,Radial Velocity,1628.0,2.73,,0.45,0.059,,G1 V,5863.0,1.05,1.02,0.018,[Fe/H],0.072,4.6,45.683,0.00042957
3685,HD 9446 b,HD 9446,1,1,2,0,Radial Velocity,30.052,0.189,,0.7,0.2,,G5 V,5793.0,1.0,1.0,0.09,[Fe/H],0.041,,50.3503,0.00066822
3686,HD 9446 c,HD 9446,1,1,2,0,Radial Velocity,192.9,0.654,,1.82,0.06,,G5 V,5793.0,1.0,1.0,0.09,[Fe/H],0.041,,50.3503,0.001737372
3695,HD 95089 b,HD 95089,1,1,2,0,Radial Velocity,464.4,1.36,,1.26,0.119,,,4918.0,5.08,1.54,,,,,136.957,0.0012027960000000001
3755,HD 99706 b,HD 99706,1,1,2,0,Radial Velocity,841.0,1.98,,1.23,0.25,,,4862.0,5.52,1.46,,,,,146.6,0.001174158
3774,HIP 14810 b,HIP 14810,1,1,3,0,Radial Velocity,6.673892,0.0696,,3.9,0.14399,,G5,5544.0,1.07,1.01,0.24,[Fe/H],-0.01,5.84,50.48,0.00372294
3781,HIP 14810 c,HIP 14810,1,1,3,0,Radial Velocity,147.747,0.549,,1.31,0.1566,,G5,5544.0,1.07,1.01,0.24,[Fe/H],-0.01,5.84,50.48,0.001250526
3783,HIP 14810 d,HIP 14810,1,1,3,0,Radial Velocity,981.8,1.94,,0.59,0.185,,G5,5544.0,1.07,1.01,0.24,[Fe/H],-0.01,5.84,50.48,0.0005632139999999999
3829,HIP 57274 c,HIP 57274,1,1,3,0,Radial Velocity,32.03,0.178,,0.40902,0.05,,K4 V,4640.0,0.68,0.73,0.09,[Fe/H],0.19,7.87,25.8618,0.000390450492
3837,HIP 65407 b,HIP 65407,1,1,2,0,Radial Velocity,28.125,0.177,,0.428,0.14,,K0,5460.0,,0.93,0.25,[Fe/H],,,61.7804,0.0004085688
3838,HIP 65407 c,HIP 65407,1,1,2,0,Radial Velocity,67.3,0.316,,0.784,0.12,,K0,5460.0,,0.93,0.25,[Fe/H],,,61.7804,0.0007484064
3850,HIP 67851 b,HIP 67851,1,1,2,0,Radial Velocity,88.87622,0.482,,1.568,0.063,,,,,1.9,,,,,64.1181,0.0014968128
3935,HR 8799 e,HR 8799,1,1,4,0,Imaging,,16.4,1.17,10.0,0.15,25.0,A5,7400.0,,,-0.5,[Fe/H],,0.03,41.2441,0.009546
5765,KELT-6 b,KELT-6,1,1,2,0,Transit,7.8457,,1.3,0.52,0.22,88.81,,6102.0,1.73,1.42,-0.28,[Fe/H],,,240.726,0.000496392
5772,KELT-6 c,KELT-6,1,1,2,0,Radial Velocity,1276.0,2.39,,3.71,0.21,,,6272.0,1.53,1.13,-0.27,[Fe/H],,4.9,240.726,0.003541566
6130,KOI-142 c,KOI-142,1,1,3,0,Transit Timing Variations,22.26492,,,0.674,0.05724,93.15,,5466.0,0.9,0.99,0.27,[Fe/H],,,376.863,0.0006434004000000001
8075,Kepler-111 c,Kepler-111,1,1,2,0,Transit,224.77833,0.751,0.632,0.7,0.176,89.756,,5914.0,1.15,1.12,0.237,[Fe/H],0.158,3.4,657.223,0.00066822
8859,Kepler-117 c,Kepler-117,1,1,2,0,Transit,50.790391,0.2804,1.101,1.84,0.0323,89.64,F8 V,6150.0,1.61,1.13,-0.04,[Fe/H],,5.3,1455.57,0.0017564640000000001
10406,Kepler-129 d,Kepler-129,1,1,3,0,Radial Velocity,2646.0,4.0,,8.3,0.15,,G4 V,5770.0,1.65,1.18,0.29,[Fe/H],,6.43,408.845,0.00792318
11763,Kepler-139 e,Kepler-139,1,1,4,0,Radial Velocity,2047.635373,3.235796,,1.34071,0.013121,,,,,1.08,,,,,391.038,0.001279841766
21846,Kepler-30 c,Kepler-30,1,1,3,0,Transit,60.323105,0.3,1.097,2.01,0.0111,90.323,,5498.0,0.95,0.99,0.18,[Fe/H],,2.0,914.221,0.0019187459999999998
25095,Kepler-418 b,Kepler-418,1,1,2,0,Transit,86.67856,,1.2,1.1,0.2,89.952,,5820.0,1.09,0.98,-0.05,[M/H],,7.0,1002.53,0.00105006
25120,Kepler-419 c,Kepler-419,1,1,2,0,Transit Timing Variations,675.47,1.68,,7.3,0.184,88.0,,6430.0,1.74,1.39,0.176,[Fe/H],,,1011.36,0.00696858
25708,Kepler-46 b,Kepler-46,1,1,3,0,Transit,33.60134,0.1968,0.808,6.0,0.01,89.038,,5155.0,0.94,0.9,0.41,[M/H],-0.255,9.7,777.06,0.0057276
25716,Kepler-46 c,Kepler-46,1,1,3,0,Transit Timing Variations,57.011,0.2799,,0.376,0.0146,87.4,,5155.0,0.94,0.9,0.41,[M/H],-0.255,9.7,777.06,0.0003589296
25964,Kepler-48 f,Kepler-48,1,1,5,0,Radial Velocity,5219.681854,5.719188,,0.93944,0.015283,,,,,0.92,,,,,306.738,0.0008967894240000001
27170,Kepler-56 d,Kepler-56,1,1,3,0,Radial Velocity,1002.0,2.16,,5.61,0.2,,,4819.44,4.22,,0.363,[M/H],,,912.994,0.005355306000000001
31295,Kepler-87 b,Kepler-87,1,1,2,0,Transit,114.73635,0.481,1.204,1.02,0.036,89.274,,5600.0,1.82,1.1,-0.17,[Fe/H],,7.5,1232.9,0.0009736920000000001
33519,PDS 70 b,PDS 70,1,1,2,0,Imaging,,20.0,2.72,3.0,0.19,140.0,,3972.0,,,,,,0.005,113.064,0.0028638
33521,PDS 70 c,PDS 70,1,1,2,0,Imaging,,34.0,2.04,2.0,0.11,132.0,,3972.0,,,,,,0.005,113.064,0.0019092
33644,TIC 139270665 b,TIC 139270665,1,1,2,0,Transit,23.624,0.163,0.645,0.463,0.105,89.76,G2,5844.0,1.02,1.03,0.156,[Fe/H],0.032,3.4,189.875,0.0004419798
33687,TOI-1130 c,TOI-1130,1,1,2,0,Transit,8.3501898,0.0731,1.16,1.05717,0.0398,87.61,,4360.0,0.7,0.74,0.11,[Fe/H],,5.4,58.2609,0.0010091744819999999
33829,TOI-1294 c,TOI-1294,1,1,2,0,Radial Velocity,159.9,0.61,,0.46251,0.0,,,5718.0,1.56,1.16,0.283,[Fe/H],0.368,6.2,332.648,0.000441512046
33863,TOI-1408 b,TOI-1408,1,1,2,0,Transit,4.42587,0.05778,2.23,1.86579,0.0023,82.4,F8 V,6117.0,1.53,1.31,0.25,[Fe/H],0.471,2.7,139.484,0.001781083134
33943,TOI-1669 b,TOI-1669,1,1,2,0,Radial Velocity,500.0,1.27,,0.60095,0.0,,,5497.0,1.06,0.99,0.274,[Fe/H],-0.036,7.7,111.276,0.00057366687
33949,TOI-1670 c,TOI-1670,1,1,2,0,Transit,40.74976,0.249,0.987,0.63,0.09,88.84,F7 V,6170.0,1.32,1.21,0.09,[Fe/H],,2.53,168.067,0.0006013980000000001
33972,TOI-1694 c,TOI-1694,1,1,2,0,Radial Velocity,393.1,0.1,,0.93447,0.0,,,5058.0,0.8,0.85,0.131,[Fe/H],-0.418,4.3,124.68,0.000892045062
34178,TOI-216.01,TOI-216,1,1,2,0,Transit,34.525528,,0.901,0.56,0.0046,89.84,,,0.75,0.77,,,,,177.945,0.000534576
34200,TOI-2202 b,TOI-2202,1,1,2,0,Transit,11.9101,0.09564,1.01,0.978,0.042,88.4,K8 V,5144.0,0.79,0.82,0.04,[Fe/H],-0.401,7.48,235.933,0.0009335988
34201,TOI-2202 c,TOI-2202,1,1,2,0,Transit Timing Variations,24.6744,0.15544,,0.369,0.0622,84.7,K8 V,5144.0,0.79,0.82,0.04,[Fe/H],-0.401,7.48,235.933,0.0003522474
34271,TOI-2525 c,TOI-2525,1,1,2,0,Transit,49.2519,0.249,0.904,0.657,0.157,89.97,K8 V,5096.0,0.79,0.85,0.14,[Fe/H],-0.44,3.99,395.398,0.0006271722
34489,TOI-4562 c,TOI-4562,1,1,2,0,Transit Timing Variations,3990.0,5.219,,5.77,0.122,90.0,F7 V,6096.0,1.15,1.19,0.08,[M/H],,0.7,339.605,0.0055080419999999995
34492,TOI-4600 b,TOI-4600,1,1,2,0,Transit,82.6869,0.349,0.607,3.02,0.25,89.76,K V,5170.0,0.81,0.89,0.16,[Fe/H],-0.377,2.3,216.056,0.002882892
34495,TOI-4600 c,TOI-4600,1,1,2,0,Transit,482.8191,1.152,0.841,9.27,0.21,89.9,K V,5170.0,0.81,0.89,0.16,[Fe/H],-0.377,2.3,216.056,0.008849141999999999
34812,TYC 1422-614-1 b,TYC 1422-614-1,1,1,2,0,Radial Velocity,198.4,0.69,,2.5,0.06,,,4806.0,6.85,1.15,-0.2,[Fe/H],1.35,5.89,672.41,0.0023865
34813,TYC 1422-614-1 c,TYC 1422-614-1,1,1,2,0,Radial Velocity,559.3,1.37,,10.0,0.048,,,4806.0,6.85,1.15,-0.2,[Fe/H],1.35,5.89,672.41,0.009546
35231,WASP-148 c,WASP-148,1,1,2,0,Radial Velocity,34.524,0.2044,,0.392,0.1809,104.9,,5555.0,0.91,0.95,0.099,[Fe/H],-0.139,3.6,246.353,0.0003742032
35672,WASP-41 b,WASP-41,1,1,2,0,Transit,3.0524,,1.1,0.85,0.0,89.4,,5545.0,0.83,0.81,0.06,[Fe/H],,,163.371,0.0008114099999999999
35723,WASP-47 b,WASP-47,1,1,4,0,Transit,4.159151,,1.147,1.17674,0.0006,89.0,,,1.16,1.06,,,,,264.78,0.0011233160039999998
35814,WASP-53 b,WASP-53,1,1,2,0,Transit,3.3098443,0.04101,1.074,2.132,0.03,87.08,,4953.0,0.8,0.84,0.22,[Fe/H],-0.463,,201.338,0.0020352072000000003
36307,bet Pic b,bet Pic,1,1,2,0,Imaging,8617.50952,10.018,,11.729,0.106,89.009,,,,1.79,,,,,19.7442,0.011196503399999998
36334,gam Lib b,gam Lib,1,1,2,0,Radial Velocity,414.88,1.319,,1.126,0.16,,K0 III,4879.0,12.38,1.78,-0.27,[Fe/H],1.897,,47.4017,0.0010748796
36336,gam Lib c,gam Lib,1,1,2,0,Radial Velocity,966.49,2.318,,5.231,0.065,,K0 III,4879.0,12.38,1.78,-0.27,[Fe/H],1.897,,47.4017,0.0049935126
36382,rho CrB b,rho CrB,1,1,4,0,Radial Velocity,39.8438,0.2245,,1.093,0.038,,,5817.0,1.34,0.95,-0.2,[Fe/H],0.26,10.2,17.4671,0.0010433778
